{
  "a": 0.5702057995527929,
  "b": -1.3648248284636104,
  "n_samples": 93,
  "brier_before": 0.2102299607779975,
  "brier_after": 0.1537411000011045,
  "city": "Austin"
}