{
  "a": 0.7671057794844085,
  "b": -1.3917119218376073,
  "n_samples": 55,
  "brier_before": 0.1615623928136747,
  "brier_after": 0.1486946328050761,
  "city": "Chicago"
}