{
  "a": 0.6576829732069408,
  "b": -1.3850832384202816,
  "n_samples": 329,
  "brier_before": 0.18253988286247452,
  "brier_after": 0.1504463478780289,
  "city": null
}