{
  "a": 0.4019641850629995,
  "b": -1.2742314082709665,
  "n_samples": 84,
  "brier_before": 0.2948316010339135,
  "brier_after": 0.16581669683006006,
  "city": null
}