{
  "a": 0.3487173699710786,
  "b": -1.3691966331368424,
  "n_samples": 66,
  "brier_before": 0.2942763483370966,
  "brier_after": 0.15265066810704947,
  "city": null
}