{
  "a": 0.609995870661451,
  "b": -1.3001604307590042,
  "n_samples": 31,
  "brier_before": 0.218942453181597,
  "brier_after": 0.16103640890656717,
  "city": "Miami"
}