{
  "a": 0.7208674059089296,
  "b": -1.3855903230521127,
  "n_samples": 118,
  "brier_before": 0.16334377854528542,
  "brier_after": 0.1491699807431847,
  "city": "Miami"
}