{
  "a": 0.5792211105256114,
  "b": -1.406407023337979,
  "n_samples": 63,
  "brier_before": 0.1959323434334067,
  "brier_after": 0.14820616882955567,
  "city": "New York"
}