bandwidth,mean_brier_score
0.1,0.017762870629732933
0.15,0.01735003059809138
0.2,0.017503730088108006
0.25,0.01747227955157475
0.3,0.017051061134705378
0.35,0.017640679845911292
0.4,0.017777599169714373
0.5,0.017469354754712504
0.6,0.017818325285079508
0.8,0.01814865646747103
1.0,0.018619644939572168
