bandwidth,mean_brier_score
0.1,0.017679035686173013
0.15,0.01799007564877165
0.2,0.018361926422369078
0.25,0.01777943476239103
0.3,0.017316712937434607
0.35,0.017819951939108996
0.4,0.017509981889576386
0.5,0.017607018644329564
0.6,0.01761942917724848
0.8,0.018092121543229086
1.0,0.018507249836294547
