bandwidth,mean_brier_score
0.1,0.017593438894650367
0.15,0.017861565918617307
0.2,0.01754298060097921
0.25,0.018262115837823577
0.3,0.01724013171435078
0.35,0.01804463641706735
0.4,0.017519435440071673
0.5,0.017830970726175482
0.6,0.017671980658435102
0.8,0.018395489729424293
1.0,0.018460363232396092
