bandwidth,mean_brier_score
0.1,0.017104069130329115
0.15,0.017512013419419267
0.2,0.017136913286800247
0.25,0.0174152984851594
0.3,0.01726809352074097
0.35,0.01733803700079389
0.4,0.017475730390884424
0.5,0.01748751458790085
0.6,0.01742157659301583
0.8,0.017854370716837285
1.0,0.018150865338500785
