bandwidth,mean_brier_score
0.1,0.016365069522048442
0.15,0.016370238031656794
0.2,0.015959896873277517
0.25,0.01566065370865035
0.3,0.01566660024243759
0.35,0.016224219783837302
0.4,0.01589854946804884
0.5,0.015539638405839187
0.6,0.016064190490125977
0.8,0.016370158897283552
1.0,0.01671324376660447
